<?xml version="1.0" encoding="UTF-8"?>
<!DOCTYPE configuration  
  PUBLIC "-//mybatis.org//DTD Config 3.0//EN"  
  "http://mybatis.org/dtd/mybatis-3-config.dtd">
<configuration>
	<settings>
	<!-- 设置所有的映射器的缓存开关 -->
		<setting name="cacheEnabled" value="true" />
		<!-- 设置延迟加载 -->
		<setting name="lazyLoadingEnabled" value="true" />
		<!-- 是否允许单一语句返回多结果集 -->
		<setting name="multipleResultSetsEnabled" value="true" />
		<!-- 允许 JDBC 支持自动生成主键 -->
		<setting name="useGeneratedKeys" value="false" />
		<!-- 指定 MyBatis 应如何自动映射列到字段或属性 -->
		<setting name="autoMappingBehavior" value="PARTIAL" />
		<!-- 指定发现自动映射目标未知列（或者未知属性类型）的行为 -->
		<setting name="autoMappingUnknownColumnBehavior" value="WARNING" />
		<!-- 配置默认的执行器 -->
		<setting name="defaultExecutorType" value="SIMPLE" />
		<!-- 设置超时时间，它决定驱动等待数据库响应的秒数 -->
		<setting name="defaultStatementTimeout" value="25" />
		<!-- 为驱动的结果集获取数量（fetchSize）设置一个提示值 -->
		<setting name="defaultFetchSize" value="100" />
		<!-- 允许在嵌套语句中使用分页 -->
		<setting name="safeRowBoundsEnabled" value="false" />
		<!-- 是否开启自动驼峰命名规则映射 -->
		<setting name="mapUnderscoreToCamelCase" value="false" />
		<!-- 	 MyBatis 利用本地缓存机制防止循环引用和加速重复嵌套查询 -->
		<setting name="localCacheScope" value="SESSION" />
		<!-- 当没有为参数提供特定的 JDBC 类型时，为空值指定 JDBC 类 -->
		<setting name="jdbcTypeForNull" value="OTHER" />
		<!-- 指定哪个对象的方法触发一次延迟加载 -->
		<setting name="lazyLoadTriggerMethods" value="equals,clone,hashCode,toString" />
		<!-- 指定 MyBatis 所用日志的具体实现，未指定时将自动查找 
		<setting name="logImpl" value="SLF4j"/>-->
	</settings>
	
	<typeAliases>
		<package name="model" />
	</typeAliases>
</configuration>