<?xml version="1.0" encoding="UTF-8"?>
<beans xmlns:tx="http://www.springframework.org/schema/tx"
	xmlns:xsi="http://www.w3.org/2001/XMLSchema-instance"
	xmlns="http://www.springframework.org/schema/beans"
	xmlns:context="http://www.springframework.org/schema/context"
	xmlns:jee="http://www.springframework.org/schema/jee"
	xmlns:task="http://www.springframework.org/schema/task"
	xsi:schemaLocation="http://www.springframework.org/schema/jee http://www.springframework.org/schema/jee/spring-jee-4.3.xsd
		http://www.springframework.org/schema/task http://www.springframework.org/schema/task/spring-task-4.3.xsd
		http://www.springframework.org/schema/beans http://www.springframework.org/schema/beans/spring-beans.xsd
		http://www.springframework.org/schema/context http://www.springframework.org/schema/context/spring-context.xsd
		http://www.springframework.org/schema/tx http://www.springframework.org/schema/tx/spring-tx.xsd">
	<bean class="util.PropertyPlaceholderUtils">
		<property name="locations">
			<list>
				<value>classpath*:/config/db.properties</value>
				<value>classpath*:/config/weixin.properties</value>
			</list>
		</property>
	</bean>
	<!-- 开启事务注解驱动 --> 
    <tx:annotation-driven transaction-manager="transactionManager" />
<!--     <task:annotation-driven/> -->
    <context:component-scan base-package="task"></context:component-scan>
</beans>
