<?xml version="1.0" encoding="UTF-8"?>
<beans xmlns:context="http://www.springframework.org/schema/context"
	xmlns:mvc="http://www.springframework.org/schema/mvc" xmlns:xsi="http://www.w3.org/2001/XMLSchema-instance"
	xmlns="http://www.springframework.org/schema/beans"
	xsi:schemaLocation="http://www.springframework.org/schema/mvc http://www.springframework.org/schema/mvc/spring-mvc.xsd
		http://www.springframework.org/schema/context http://www.springframework.org/schema/context/spring-context.xsd
		http://www.springframework.org/schema/beans http://www.springframework.org/schema/beans/spring-beans.xsd">
	<!-- 开启注解配置 -->
	<context:annotation-config></context:annotation-config>
	<!-- 自动扫描 -->
	<context:component-scan base-package="controller">
		<context:include-filter type="annotation"
			expression="org.springframework.stereotype.Controller" />
	</context:component-scan>
	<bean
		class="org.springframework.web.servlet.handler.BeanNameUrlHandlerMapping"></bean>
	<bean
		class="org.springframework.web.servlet.mvc.SimpleControllerHandlerAdapter"></bean>
	<bean id="multipartResolver"
		class="org.springframework.web.multipart.commons.CommonsMultipartResolver" />
	<bean
		class="org.springframework.web.servlet.view.InternalResourceViewResolver">
		<property name="prefix" value="/WEB-INF/jsp/"></property>
		<property name="suffix" value=".jsp"></property>
	</bean>
	<mvc:annotation-driven>
		<!-- 消息转换器 -->
		<mvc:message-converters register-defaults="true">
			<!-- <bean class="org.springframework.http.converter.StringHttpMessageConverter"> -->
			<!-- <property name="supportedMediaTypes" value="text/html;charset=UTF-8"/> -->
			<!-- </bean> -->
			<bean
				class="com.alibaba.fastjson.support.spring.FastJsonHttpMessageConverter">
				<property name="dateFormat" value="yyyy-MM-dd HH:mm:ss"></property>
				<property name="supportedMediaTypes">
					<list>
						<value>text/html;charset=UTF-8</value>
						<value>application/json</value>
						<value>application/xml;charset=UTF-8</value>
					</list>
				</property>
				<property name="features">
					<list>
						<!-- 默认的意思就是不配置这个属性，配置了就不是默认了 -->
						<!-- 是否输出值为null的字段 ，默认是false -->
						<value>WriteMapNullValue</value>
						<value>WriteNullNumberAsZero</value>
						<value>WriteNullListAsEmpty</value>
						<value>WriteNullStringAsEmpty</value>
						<value>WriteNullBooleanAsFalse</value>
						<value>WriteDateUseDateFormat</value>

					</list>
				</property>
			</bean>
		</mvc:message-converters>

	</mvc:annotation-driven>
	<mvc:interceptors>
		<mvc:interceptor>
			<mvc:mapping path="/*.do" />
			<bean class="interceptor.RequestInterceptor"></bean>

		</mvc:interceptor>
	</mvc:interceptors>
	<!-- <mvc:resources location="/WEB-INF/" mapping="*.js"></mvc:resources> -->
	<!-- <mvc:resources location="/WEB-INF/css/" mapping="*.css"></mvc:resources> -->
</beans>
