<?xml version="1.0" encoding="UTF-8"?>
<beans xmlns:tx="http://www.springframework.org/schema/tx"
	xmlns:xsi="http://www.w3.org/2001/XMLSchema-instance"
	xmlns="http://www.springframework.org/schema/beans"
	xmlns:context="http://www.springframework.org/schema/context"
	xmlns:jee="http://www.springframework.org/schema/jee"
	xsi:schemaLocation="http://www.springframework.org/schema/jee http://www.springframework.org/schema/jee/spring-jee-4.3.xsd
		http://www.springframework.org/schema/beans http://www.springframework.org/schema/beans/spring-beans.xsd
		http://www.springframework.org/schema/context http://www.springframework.org/schema/context/spring-context.xsd
		http://www.springframework.org/schema/tx http://www.springframework.org/schema/tx/spring-tx.xsd">
	<bean id="dataSource" class="com.alibaba.druid.pool.DruidDataSource" init-method="init" destroy-method="close"> 
     <property name="driverClassName" value="${jdbc.driverClassName}" />
     <property name="url" value="${jdbc.url}" />
     <property name="username" value="${jdbc.username}" />
     <property name="password" value="${jdbc.password}" />

     <!-- 配置监控统计拦截的filters -->
     <property name="filters" value="stat" />

     <!-- 配置初始化大小、最小、最大 -->
     <property name="maxActive" value="10" />
     <property name="initialSize" value="1" />
     <property name="minIdle" value="1" />

     <!-- 配置获取连接等待超时的时间 -->
     <property name="maxWait" value="60000" />     

     <!-- 配置间隔多久才进行一次检测，检测需要关闭的空闲连接，单位是毫秒 -->
     <property name="timeBetweenEvictionRunsMillis" value="60000" />

     <!-- 配置一个连接在池中最小生存的时间，单位是毫秒 -->
     <property name="minEvictableIdleTimeMillis" value="300000" />

     <property name="testWhileIdle" value="true" />
     <property name="testOnBorrow" value="false" />
     <property name="testOnReturn" value="false" />

     <!-- 打开PSCache，并且指定每个连接上PSCache的大小 -->
     <property name="poolPreparedStatements" value="true" />
     <property name="maxOpenPreparedStatements" value="20" />
 </bean>
  
    
    <bean id="transactionManager" 
        class="org.springframework.jdbc.datasource.DataSourceTransactionManager">
        <property name="dataSource" ref="dataSource" />
    </bean>
    
    <bean id="sqlSessionFactory" class="org.mybatis.spring.SqlSessionFactoryBean">
		<property name="dataSource" ref="dataSource"></property>
		<property name="configLocation" value="classpath:config/mybatis.xml"></property>
		<!-- 自动扫描mapping.xml -->
		<property name="mapperLocations" value="classpath:/mapper/*-Mapping.xml"></property>
	</bean>
	<bean id="mapperScanner" class="org.mybatis.spring.mapper.MapperScannerConfigurer">
		<property name="annotationClass" value="org.springframework.stereotype.Repository" />
		<property name="basePackage" value="dao"></property>
		<property name="sqlSessionFactoryBeanName" value="sqlSessionFactory"></property>
	</bean>
</beans>
