{
  "name": "ng-file-upload",
  "main": "ng-file-upload.js",
  "homepage": "https://github.com/danialfarid/ng-file-upload",
  "dependencies": {
    "angular": ">1.2.0"
  },
  "authors": [
    "danialf <danial.farid@gmail.com>"
  ],
  "description": "Lightweight Angular JS directive to upload files. Support drag&drop, paste image, progress and abort",
  "ignore": [],
  "license": "MIT",
  "version": "12.0.4",
  "_release": "12.0.4",
  "_resolution": {
    "type": "version",
    "tag": "12.0.4",
    "commit": "5210947d260b4c442c3912950bf7092a9ab2a3a7"
  },
  "_source": "https://github.com/danialfarid/angular-file-upload-bower.git",
  "_target": "^12.0.4",
  "_originalSource": "ng-file-upload",
  "_direct": true
}