<?xml version="1.0" encoding="UTF-8"?>
<!DOCTYPE mapper PUBLIC "-//mybatis.apache.org//DTD Mapper 3.0//EN" "http://mybatis.org/dtd/mybatis-3-mapper.dtd" >
<mapper namespace="dao.SysConfigDao">
	<resultMap type="entity.SysConfig" id="sysConfigMap">
		<result column="id" property="id" />
		<result column="sys_key" property="sysKey" />
		<result column="sys_value" property="sysValue" />
		<result column="sys_comment" property="sysComment" />
		<result column="create_time" property="createTime" />
		<result column="modify_time" property="modifyTime" />
		<result column="version" property="version" />
	</resultMap>
	<insert id="insertSysConfig" parameterType="entity.SysConfig">
		insert into
		sys_config (sys_key,sys_value,sys_comment) values
		(#{sysKey},#{sysValue},#{sysComment})
	</insert>
	<select id="findobj" resultMap="sysConfigMap">
		select * from sys_config where id=#{id}
	</select>
	<select id="queryList" resultMap="sysConfigMap">
		select * from sys_config
	</select>
</mapper>