<?xml version="1.0" encoding="UTF-8"?>
<configuration xmlns="http://ch.qos.logback/xml/ns/logback"
    xmlns:xsi="http://www.w3.org/2001/XMLSchema-instance"
    xsi:schemaLocation="http://ch.qos.logback/xml/ns/logback https://raw.githubusercontent.com/enricopulatzo/logback-XSD/master/src/main/xsd/logback.xsd" debug="true">
 <statusListener class="ch.qos.logback.core.status.OnConsoleStatusListener"/>
  <appender name="STDOUT" class="ch.qos.logback.core.ConsoleAppender">
    <encoder>
      <pattern>%date [%thread] %-5level %logger{36} - %msg%n</pattern>
    </encoder>
  </appender>
   <appender name="FILE" class="ch.qos.logback.core.FileAppender">
    <file>myApp.log</file>
    <encoder>
      <pattern>%date %level [%thread] %logger{10} [%file:%line] %msg%n</pattern>
    </encoder>
  </appender>
  <root level="info">
    <appender-ref ref="STDOUT" />
  </root>
<!--   <logger name="controller" level="DEBUG" additivity="false"> -->
<!--   <appender-ref ref="STDOUT"/> -->
<!--   </logger> -->
<!--   <logger name="org.mybatis.spring.SqlSessionUtils" level="error" additivity="false"> -->
<!--   <appender-ref ref="STDOUT"/> -->
<!--   </logger> -->
</configuration>